DJI Mini 2  - Ultralight Foldable 4K Ultra-Clear Video Drone (Drone Registration Not Required),599.00
Amass XT30 XT60 XT90 T-plug connector (1 pair),799.00
DJI Tello - Mini Educational Drone HD Camera and VR (Drone Registration Not Required ),1.60
DJI Tello Flight Battery,149.00
DJI Mini SE - Ultralight Foldable 3-Axis Gimbal 2.7K Camera 249 grams Drone (Drone Registration Not Required),248.00
DJI FPV Fly More Kit,29.00
DJI Tello Propeller 2 Pairs (SG Ready Stocks)(100% Original)(Local Warranty),449.00
Microphone Flag / Mic Cube / Video,656.00
DJI Mini 2 - 360Â° Propeller Guard,409.00
DJI FPV Combo - First-Person View 4K Camera Drone,4.50
DJI Tello Battery Charging Hub,16.00
DJI FPV Drone Arm Bracers,38.00
DJI Action 2 Remote Control Extension Rod,28.00
DJI FPV Propeller Guard,"1,399.00"
SUNNYLIFE 2 in 1 Propeller Guard with Landing Gear Extension Leg Protector for DJI MAVIC MINI / MINI 2 / MINI SE,"2,027.00"
